<?xml version="1.0" encoding="UTF-8"?>
<!DOCTYPE suite SYSTEM "https://testng.org/testng-1.0.dtd">

<suite name="Passing parameters using xml file">
<parameter name="browser" value="chrome"></parameter>
<parameter name="email" value="tathagatapal12@gmail.com"></parameter>
<parameter name="phonenumber" value="9875434446"></parameter>
<parameter name="password" value="Levis@98"></parameter>
<parameter name="waistsize" value="32"></parameter>
  <test thread-count="1" name="Passing value">
    <classes>
   
   <class name="Practice.leviswebsite"></class>
   </classes>
 </test> <!-- Test -->
</suite> <!-- Suite -->
